Código,Nome,CNPJ
MATRIZ,MATRIZ CORRETORA DE SEGUROS LTDA,00238278000100
SPZ,SPZ ADMINISTRADORA E CORRETORA DE SEGUROS LTDA,00284013000130
KES,K E S ADMINISTRADORA E CORRETORA DE SEGUROS LTDA,00472408000166
VMCORRET,VIDA MELHOR CORRETORA DE SEGUROS LTDA,00675671000152
COSTA,COSTA LEAO CORRETORA DE SEGUROS LTDA,00967929000194
L.LEAL,L.LEAL CORRETORA DE SEGUROS LTDA,01103377000139
EXODUS,EXODUS CORRETORA DE SEGUROS S/C LTDA,01200145000107
TOTALSEG,TOTAL SEG CORRETORA DE SEGUROS S/S LTDA.,01269171000183
A&L,A&L PRESTADORA DE SERVIÇOS LTDA,01646821000162
VASRIBAS,V A S RIBAS CORRETORA DE SEGUROS,01695037000144
QUIRON,QUIRON ADMINISTRADORA E CORRETORA DE SEGUROS - EIRELI,01726216000100
ATUAL,ATUAL SECURE CORRETORA DE SEGUROS LTDA,01886436000192
PREVITURO,PREVITURO CORRETORA DE SEGUROS DE VIDA LTDA,02139781000125
CIRELLI,CIRELLI FISIOTERAPIA S/S LTDA,02170273000100
URI,URI CONSULTORIA & CORRETORA DE SEGUROS LTDA,02261263000180
LASEG,LASEG ALFA ADMINISTRADORA E CORRETORA DE SEGUROS LTDA,02434450000118
ARAFER,ARAFER CORRETORA DE SEGUROS LTDA,02612535000149
MULTIATO,MULTIATOS CORRETORA DE SEGUROS S/S LTDA,02837069000108
CARLA,CARLA TALARICO KAMOI - INFORMATICA,02983274000173
PLENTY,VERA & JURANDYR CORRETORA E ADMINISTRADORA DE SEGUROS SS LTDA.,03070080000140
ASAEURO,"ASAEURO CONSULTORIA, PLANEJAMENTO E TREINAMENTO LTDA",03267182000150
SILCON,SILCON CORRETORA DE SEGUROS S/S LTDA,03749334000150
DAQUI,DAQUIPRAFORA CONSULTORIA EDUCACIONAL LTDA,03889560000137
MAJESEG,MAJESEG CORRETORA DE SEGUROS LTDA,03975768000179
FRENTE,FRENTE CORRETORA DE SEGUROS DO ABC LTDA,04113990000125
AKIUM,AKIUM ASSESSORIA E CORRETAGEM DE SEGUROS LTDA,04170566000112
ATRIBUTO,ATRIBUTO CORRETORA DE SEGUROS LTDA,04199040000165
GALESCO,GALESCO ADVOGADOS ASSOCIADOS,04228754000154
PATREZE,PATREZE ADMINISTRADORA E CORRETORA DE SEGUROS LTDA,04279021000149
BORUS,BORUS CORRETORA DE SEGUROS LTDA,04426668000156
SERVICO,PAULISTA SERVICOS E COMERCIO DE EQUIPAMENTOS DE SEGURANCA LTDA,04616130000104
CARPEDIE,CARPE DIEM BUSINESS SOLUTIONS E SERVICOS LTDA.,04795066000176
STYLE,STYLE - TREINAMENTO E MARKETING LTDA,05133972000178
D3,D 3 PROJETOS LTDA,05144762000185
MCLIMA,M.C.LIMA ADMINISTRATORA E CORRETORA DE SEGUROS - EIRELI,05477749000148
PGMCORRE,"SP INTERMEDIACOES, GESTAO E VENDAS LTDA",05809557000191
ACTA,ACTA CORRETORA DE SEGUROS LTDA,05832412000101
WARP,WARP CORRETORA DE SEGUROS LTDA,05858569000106
ANCLACOR,ANCLA CONSULTORIA E CORRETAGEM DE SEGUROS LTDA,05892349000107
MAG DIAGNOSTICOS,MAG DIAGNOSTICOS E SERVICOS MEDICOS LTDA,05941769000128
SONHOS,SONHOS CORRETORA DE SEGUROS LTDA,06000404000161
MEGAERA,MEGAERA CORRETORA DE SEGUROS LTDA,06247587000114
RAFAEL AUGUSTO,RAFAEL AUGUSTO GALESCO,06253232000138
SEQUOIA,SEQUOIA PARTICIPACOES E EMPREENDIMENTOS LTDA,06297751000106
PITOCO,PITOCO PET-SHOP LTDA,06307120000112
GUILHERME CESAR,GUILHERME CESAR KHOURI CORRETAGEM DE SEGUROS,06871582000168
SILNET,SILNET - CORRETORA DE SEGUROS LTDA,06892155000166
VISAOGLO,VISAO GLOBAL CORRETORA DE SEGUROS LTDA,06982013000190
ZALBERTO,ZALBERTOS CONSULTORIA EM INFORMATICA LTDA,06993788000160
MALAGOLI,MALAGOLI ADMINISTRACAO CONSULTORIA E CORRETORAGEM DE SEGUROS LTDA.,07036727000178
CENTRAL LASER,CENTRAL LASER SP COMERCIO DE EQUIPAMENTO MEDICOS E ODONTOLOGICOS EIRELI,07171927000133
FELIXBIL,FLEXIBILIDADE ADMINISTRADORA E CORRETORA DE SEGUROS LTDA,07247456000108
SOUZAMIC,SOUZA & MICHELETTI - CORRETORA DE SEGUROS LTDA,07289532000130
RENOVAWI,RENOVAWIL CORRETORA DE SEGUROS LTDA,07440547000157
PRIE,PRI-E PLANEJADORA DE RECURSOS DE INFORMATICA E INFRA-ESTRUTURA LTDA,07452174000134
ASB ONLINE,ASB ONLINE CORRETORA DE SEGUROS E PREVIDENCIA LTDA,07727267000124
LKJ,LKJ CORRETORA DE SEGUROS LTDA.,07735977000104
ATRI,ATRI CORRETORA DE SEGUROS LTDA.,07774263000105
MASTERCOB,MASTERCOB - LG LTDA,07872208000140
WOLTRA,WOLTRA CORRETORA DE SEGUROS LTDA,07986412000191
C C SPRACKLING,C C SPRACKLING,08482255000140
AGUA,AGUA LAVE LAVANDERIA E TINTURARIA LTDA,08537302000105
NEWPHASE,NEW PHASE CORRETORA DE SEGUROS LTDA,08627347000170
RE9,RE-9 - DESIGN E COMUNICACAO LTDA.,08651479000138
ZAVERI,LINKS LIFE CORRETORA DE SEGUROS E PREVIDENCIA - EIRELI,08656374000171
EFETIVES,EFETIVESEG CORRETORA DE SEGUROS LTDA,08817820000182
CLEITON,CLEITON GOMES DA SILVA - EIRELI,08836774000169
SOUSAVAL,SOUZA & VALENTE CORRETORA DE SEGUROS LTDA,09043483000186
B4F,B4F ASSESSORIA E PARTICIPACOES LTDA,09187739000129
LEELA,LEELA ESTUDIO PROJETOS E SERVICOS LTDA,09372409000103
SMART,SMART SOLUTION - ADMINISTRADORA E CORRETORA DE SEGUROS LTDA,09415442000173
M BORGES,M BORGES MARKETING DIGITAL LTDA,09449321000142
PNTUR,PNTUR VIAGENS E TURISMO LTDA.,09458079000173
HALIFAX,HALIFAX CORRETORA DE SEGUROS LTDA.,09528783000155
VISUS - MATRIZ,VISUS - MATRIZ,09561307000136
VISUS RECIFE,VISUS RECIFE,09561307000217
VISUS SP,VISUS SP,09561307000489
TODAO,TODAO CORRETORA DE SEGUROS LTDA,09645277000146
SOUTH,GLOBO PAULISTA CORRETORA DE SEGUROS LTDA,09654142000147
SANTOSNA,FLAVIO DA SILVA FINI,10322339000168
AMPC,AMPC CORRETORA DE SEGUROS LTDA.,10510812000130
DENIS,DENIS VIVALDINI RIBEIRO DE LIMA - EIRELI,10682354000117
P,PAULISTA MANUTENCOES CONDOMINIAIS LTDA.,10904959000105
RECICLE,RECICLE CORRETORA DE SEGUROS LTDA,10922303000115
CAZARIN,CAZARIN PAULO CORRETORA DE SEGUROS LTDA,10933007000110
GUDMAN,GUDMAN CORRETORA DE SEGUROS EIRELI,11029847000115
XEL,XEL. COM INTERMEDIACOES LTDA.,11085397000188
LUMAX,VISIONAR PARTICIPACOES S.A.,11135069000149
MADEU,MADEU E FARACO SERVICOS MEDICOS LTDA,11246809000114
RINOMED,RINOMED SERVICOS MEDICOS EIRELI,11250988000163
AUWEN,AUWEN ASSESSORIA E CORRETAGEM DE SEGUROS - EIRELI,11257670000104
FINI & QUEIROZ,FINI & QUEIROZ - CORRETORA DE SEGUROS LTDA,11280421000130
DUNAMIS,DUNAMIS FLY CORRETORA DE SEGUROS LTDA,11316410000162
BUSCHINE,BUSCHINELLI CONSULTORIA EM NUTRICAO LTDA,11363931000170
BARROSAR,BARROS & ARAUJO - CORRETORA DE SEGUROS LTDA,11457731000187
SADISEHN,SADI A. SEHN SERVICOS ADMINISTRATIVOS,11506777000149
MAXITRAD,MAXITRADER - CORRETORA E ADMINISTRADORA DE SEGUROS LTDA,11533045000148
CONCRE,CONCRETTIZE HOLDING E PARTICIP,11554048000168
EAGLE,"EAGLE FOCUS TREINAMENTOS E DESENVOLVIMENTO HUMANO, PROFISSIONAL E GERENCIAL LTDA",11571473000165
ADSERRAN,AD SERRANO ENGENHARIA EIRELI,11614509000140
PRECO,4U LIFE & HEALTH PLATFORM BROKERS CORRETORA DE SEGUROS E BENEFICIOS LTDA.,11667556000152
UPHOLDAS,UPHOLD ASSESSORIA CONTABIL LTDA,11679688000102
NOVA ARCA,NOVA ARCA ADMINISTRAÇÃO E CORRETAGEM DE SEGUROS LTDA,11787431000166
BENECORP,BENECORP CORRETORA DE SEGUROS E BENEFICIOS LTDA.,11969424000185
J B L,J B L SEGUROS EIRELI,11977844000103
RESTART,RESTART CORRETORA DE SEGUROS LTDA,12102270000192
JORGE,JORGE & BEZERRA CORRETORA DE SEGUROS LTDA.,12163871000105
CBS,CBS COURRIER LTDA,12395207000191
ERICKA,ERICKA MAYRA DE MONTI,12456013000159
ZEIN,ZEIN ASSESSORIA EIRELI,12481661000165
PHOENIX,UP PHOENIX ASSESSORIA E CORRETORA DE SEGUROS LTDA,12483430000190
MZF,MZF IMPERIAL CORRETORA DE SEGUROS LTDA,12534809000182
MADASILV,M A DA SILVA DESENVOLVIMENTO GERENCIAL,12542680000154
CLAYTON,CLAYTON DE A.MC CECCI SERVICOS ADMINISTRATIVOS,12729076000131
REGINALDO,REGINALDO F. DOS SANTOS CORRETORA DE SEGUROS,12782197000147
HOTSEG,HOTSEG CORRETORA E ADMINISTRADORA DE SEGUROS LTDA,12995282000193
CRGUEIRO,C&R GUEIROS SERVICOS ADMINISTRATIVOS LTDA.,13090045000146
LIFECROS,LIFE CROSS CORRETORA DE SEGUROS DE VIDA LTDA,13218252000133
IVETE,IVETE OGI CONSULTORIA & CORRETAGEM DE SEGUROS EIRELI,13350809000195
LUZAN,ZANIA & LUCIA ADMINISTRADORA E CORRETORA DE SEGUROS LTDA,13417856000109
CARLOS,CARLOS C FERREIRA DESENVOLVIMENTO GERENCIAL,13431199000154
ANCLACOM,ANCLA COMERCIAL E SERVICOS LTDA,13456729000119
FAQSEG,FAQSEG CORRETORA DE SEGUROS LTDA,13646688000123
FERNAND,FERNANDO NUNES DOS SANTOS ARAUJO,13677691000104
ACDECAMP,A C DE CAMPOS RAMOS SERVICOS ADMINISTRATIVOS,13696934000151
ACTUS,ACTUS CORRETORA DE SEGUROS LTDA,13751701000104
TATIANE,TATIANE N. DOS SANTOS - ARQUITETA,13873824000118
BMMFPROJ,BMMF CONSTRUCOES & NEGOCIOS IMOBILIARIOS LTDA.,13924073000111
OIBE,OIBE INTERNET MARKETING - EIRELI,14142346000139
TORAO,TORAO DECORACAO LTDA,14215022000183
DINELLI,DINELLI CORRETAGEM DE SEGUROS LTDA,14575908000138
NAVEEN,NAVEEN CORRETORA DE SEGUROS LTDA,14644719000170
NAJACA,NAJACA DESIGN & COMUNICACAO LTDA,14660903000103
MAURI,MAURI AMARO FERNANDES - SUVENIRES,14826034000144
MAURI FILIAL,MAURI AMARO FILIAL,14826034000225
PSENGENH,P.S. PEREIRA ENGENHARIA,14897909000107
ATANER,ATANER - ADMINISTRADORA E CORRETORA DE SEGUROS LTDA,15047192000169
SIMONE PEREIRA,SIMONE PEREIRA DA SILVA CONSULTORIA E CORRETAGEM DE SEGUROS,15108108000170
CPARQUE,C.PARQUE CORRETORA DE SEGUROS - EIRELI,15195768000135
EXCELENC,EXCELENCIA N.A. CORRETAGEM DE SEGUROS LTDA,15358446000160
SOLUT,SOLUT TUERI CONSULTORIA E CORRETORA DE SEGUROS LTDA,15400394000142
BRUNO CHIEFFI,BRUNO CHIEFFI AAGAARD,15471332000121
VMAX,V MAX CORRETORA DE SEGUROS LTDA,15713251000190
LHPROTEG,LH PROTEGE CORRETORA DE SEGUROS EIRELI,15777910000152
SERVICE,SERVICE BROKER ASSESSORIA TECNICA EM SEGUROS EIRELI,16629702000179
PRINCEMI,PRINCE MILANELLO CONSULTORIA E CORRETORA DE SEGUROS LTDA.,16853001000119
EDMUNDO,EDMUNDO BELMONTE BASILIO,17310226000191
OCTAVIAN,OCTAVIANI CORRETORA DE SEGUROS LTDA,17338390000107
PLANNIN,PLANNIN CORRETORA DE SEGUROS EIRELI,17542042000157
E2BRASIL,E2 BRASIL CORRETORA E ADMINISTRADORA DE SEGUROS LTDA,17601796000130
BRUTHA,BRUTHA EMPREENDIMENTOS IMOBILIARIOS EIRELI,17706204000145
BARATA & NORONHA,BARATA & NORONHA CORRETORA DE SEGUROS LTDA,17762617000147
ASD,ASD CORRETORA DE SEGUROS LTDA,17961992000116
MOURAZAN,MOURA & ZANDONADI CONSULTORIA ADMINISTRADORA E CORRETORA DE SEGUROS LTDA,18304660000121
ARQPRETA,ARQ. P. PRETA CONSTRUCOES LTDA,18417541000185
MARIOKAD,MARIO OKADA,18548754000146
VIABENS,VIABENS CORRETORA DE SEGUROS LTDA,18679727000102
BASTIDOR,BASTIDOR DIGITAL LTDA,18780006000194
ALLINE MARQUES,ALLINE MARQUES NUNES BLANCO PRODUCAO CINEMATOGRAFICA,18817183000106
CWAMERIC,C W AMERICA CONSULTORIA E CORRETORA DE SEGUROS LTDA,18863260000156
CEPAG,LOJA DOS SEGUROS CORRETORA DE SEGUROS - EIRELI,19056569000105
CARLOSBO,CARLOS BONNA - CORRETORA DE SEGUROS - EIRELI,19108537000106
TEAMBROK,TEAM BROKERS CONSULTORIA E CORRETAGEM DE SEGUROS LTDA,19123227000152
ADRIANAV,ADRIANA VECHIATO TAMASHIRO,19238852000140
AGV,AGV CORRETORA DE SEGUROS LTDA.,19376574000197
CAVALCANTI´S,CAVALCANTI´S CORRETORA DE SEGUROS LTDA,19438645000139
ROCHA & ROCHA,ROCHA & ROCHA CORRETORA DE SEGUROS E GESTAO FINANCEIRA - EIRELI,19623620000105
BEMMAIS,BEM MAIS CORRETORA DE SEGUROS LTDA,19669073000107
EDUAN,EDUAN - ASSESSORIA E CORRETORA DE SEGUROS LTDA,19923693000112
LARAPONT,LARA PONTES SANCHES,19985148000150
PORTOGER,PORTO GERADORES LTDA,20056820000102
CTRENDS,C-TRENDS BPO LOGISTICA E TELEATENDIMENTO EIRELI,20056828000179
OWN,OWN ASSESSORIA EM SEGUROS - EIRELI,20103562000178
GODBLESS,GOD BLESS CORRETORA DE SEGUROS LTDA,20103747000182
OMARSEG,OMARSEG CORRETORA DE SEGUROS LTDA,20201499000102
JCCARVAL,JC CARVALHO CORRETORA DE SEGUROS LTDA,20241435000135
RAQUEL,RAQUEL CORONA DE SOUZA - CORRETAGEM DE SEGUROS,20275729000188
GENGREEN,GENERAL GREEN ALIPERTI & RIVERA REVESTIMENTO LTDA,20474080000124
ARON,ARON CONSULTORIA E TELEFONIA - EIRELI,20486558000136
CASEADO,RAFS CASEADO E CONFECCOES - EIRELI,20493642000187
DEFINA,DEFINA CORRETORA DE SEGUROS LTDA,20586139000176
ALIPERTI,ALIPERTI ARQUITETURA LTDA,20611205000110
IRM,I R M DI MONACO CORRETORA DE SEGUROS,20782337000105
GP,GP CORRETORA DE SEGUROS LTDA,21060350000113
ANDREA DE LIMA,ANDREA DE LIMA SOCIEDADE INDIVIDUAL DE ADVOCACIA,21097350000198
MEGAMARC,MEGAMARCO - CORRETORA DE SEGUROS LTDA,21189260000127
SEIDL,SEIDL CONSULTORIA E CORRETAGEM DE SEGUROS - EIRELI,21294887000148
UPLESTE,UPHOLD UNIDADE SP LESTE ASSESSORIA CONTABIL LTDA.,21466182000160
ENGAGE,ENGAGE CORRETORA DE SEGUROS E ASSOCIADOS LTDA,21474453000120
BONANCA CORRETORA,BONANCA CORRETORA DE SEGUROS LTDA,21489347000110
MELHOR,MELHOR CONSULTORIA E CORRETORA DE SEGUROS - EIRELI,21489738000134
PISE4,PISE4 TECNOLOGIA DA INFORMACAO LTDA.,21512459000144
CELKAR,CEL KAR CONSULTORIA E CORRETORA DE SEGUROS LTDA,21574500000107
FACES,FACES APOIO ADMINISTRATIVO LTDA,21666455000110
HLM,HLM CORRETORA DE SEGUROS - EIRELI,21711258000176
SELAR,SELAR SEGURANCA ELETRONICA EIRELI,21771359000132
SOUZAMAR,SOUZA MARTINS CORRETORA DE SEGUROS - EIRELI,21826015000183
SHIMABUK,SHIMABUKURO E COLAPIETRO SOCIEDADE DE ADVOGADOS,21894101000123
AMR,AMR SERVICOS MEDICOS EIRELI:21919096000166,21919096000166
ABCD,EIDOCS - ELABORACAO INTELIGENTE DE DOCUMENTOS - EIRELI,21994846000164
CELIJANU,CELI JANUNCELLI DE SOUZA,21997778000197
SEGCAVIC,SEGUROS CAVICHIOLI ADMINISTRADORA E CORRETORA - EIRELI,22155995000100
MMV,MMV CORRETAGEM DE SEGUROS E SERVICOS LTDA,22228476000117
ACENOS,ACENOS CORRETORA DE SEGUROS LTDA,22320184000100
MARIA FERNANDA,MARIA FERNANDA CALDEIRA RIBEIRO,22474577000178
QUERZIA,QUERZIA MILHOMENS DE SOUZA 11890553840,22478138000133
ANDRESSA,ANDRESSA DE LIMA RIBEIRO 29199238896,22646078000110
ENDOCARE,ENDOCARE ESPECIALIDADES MEDICAS LTDA,22676038000111
POSITTIV,POSITTIVA APOIO ADMINISTRATIVO LTDA,22721566000145
PLENTYNO,PLENTY SEG CORRETORA E ADMINISTRADORA DE SEGUROS LTDA,22743767000143
LUZANADM,LUZAN ADMINISTRADORA E CORRETORA DE SEGUROS LTDA,22773685000141
ECCOSEG,ECCOSEG ADMINISTRADORA E CORRETORA DE SEGUROS DE VIDA LTDA,23160227000108
MARCOS,MARCOS V. G. MILAN CONSULTORIA FINANCEIRA,23228303000161
DIRECTA,INOVA SINDICO PROFISSIONAL - EIRELI,23299325000112
AIE,AIE TOMBOLATO DE FARIA RIBEIRO ARQUITETURA DE INTERIORES,23457935000105
WALDIR,WALDIR CAVICHIOLI CORRETORA DE SEGUROS,23472006000167
VIP,VIP CORRETORA DE SEGUROS LTDA,23586012000145
AGENCOR,AGENCOR AGENCIA E CORRETORA DE SEGUROS LTDA.,23686526000172
JMA,JMA CORRETORA DE SEGUROS - EIRELI,23789028000155
JGSAMEN,JG SALMEN CORRETORA DE SEGUROS LIMITADA,23805319000190
NOVABOZZ,NOVA BOZZO CORRETORA DE SEGUROS EIRELI,23807276000181
VITAL,VITAL GROUP GESTORA E CORRETORA DE SEGUROS LTDA,23828422000155
EPROTEGE,EPROTEGE CORRETORA DE SEGUROS EIRELI,23871326000190
CASESBRO,CASES BROKER ASSESSORIA EM SEGUROS LTDA.,23902983000157
ABI,ABI CONSULTORIA E CORRETAGEM DE SEGUROS LIMITADA,24101913000162
AIO,AIO CORRETORA DE SEGUROS E BENEFICIOS LTDA,24173640000161
JPIRES,JPIRES CORRETORA DE SEGUROS EIRELI,24301216000155
CREPASOL,CREPALDI SOLUTIONS TECNOLOGIA EIRELI,24302514000160
BRUNO,BRUNO NOGUEIRA DA SILVA SERVICOS MEDICOS EIRELI,24604251000143
LT,L & T SERVICOS MEDICOS LTDA,24604976000131
RGCORRET,R & G CORRETORA E ADMINISTRADORA DE SEGUROS E PLANOS DE SAUDE LTDA,24682499000122
UPALPHAV,UPHOLD NEGOCIOS E SOLUCOES LTDA.,24742542000106
CGSEG,CGSEG CORRETORA DE SEGUROS LIMITADA,24819171000105
SIAMAR,SIAMAR CONSULTORIA E CORRETORA DE SEGUROS LTDA,24822128000107
PAMESEG,PAMESEG CORRETORA DE SEGUROS - EIRELI,24855491000110
STALBERG,STALBERG CORRETORA DE SEGUROS - EIRELI,24855522000133
VMAC,VMAC CORRETORA DE SEGUROS - EIRELI,24940950000164
3E,3E CORRETORA DE SEGUROS - EIRELI,24940960000108
RW,RW INCENDIO LTDA.,25016068000190
AGENAJAC,AGENCIA NAJACA MARKETING E COMUNICACAO - EIRELI,25055878000155
FCB,FCB SERVICOS ADMINISTRATIVOS EIRELI,25058639000159
MAKER,MAKER CORRETORA DE SEGUROS - EIRELI,25079198000171
FERNANDE,FERNANDES PRADO CORRETORA DE SEGUROS - EIRELI,25079882000153
RVPC,RVPC SERVICOS MEDICOS LTDA,25156814000140
SALOMONC,SALOMON CONSULTING CORRETORA DE SEGUROS - EIRELI,25158816000179
BELOS,BELOS ADMINISTRADORA E CORRETORA DE SEGUROS LIMITADA,25158921000108
VIDARAMO,VIDA RAMOS CORRETORA DE SEGUROS - EIRELI,25298815000120
COTA,COTA DESING & CRIACAO - EIRELI,25298832000167
SUPREME,SUPREME CORRETORA DE SEGUROS LTDA,25370627000165
HOLANDA,HOLANDA E ASSOCIADOS CORRETORA DE SEGUROS LTDA,25452302000121
CLINFRED,CLINICA MEDICA FREDERICO MATEUS PEDREIRA CHAVES EIRELI,25535316000109
IDEALECO,IDEALECORP CONSULTORIA E CORRETAGEM DE SEGUROS - EIRELI,26051455000120
PROTEKTO,PROTEKTO CONSULTORIA EMPRESARIAL E CORRETAGEM DE SEGUROS LTDA.,26136470000170
ESPOSITO,PRISCILLA DO AMARAL CAMARGO ESPOSITO,26208873000188
MEIRELES,MEIRELES & SMART CORRETORA DE SEGUROS - EIRELI,26230856000147
JML,JML PUBLICIDADE LTDA.,26267910000129
123SEGUR,123 SEGURO BARATO CORRETORA DE SEGUROS - EIRELI,26268019000107
OWNIT,OWNIT CORRETORA DE SEGUROS LTDA.,26297740000125
MASCAREN,MASCARENHAS SOCIEDADE INDIVIDUAL DE ADVOCACIA,26300812000146
OBA,OBA ANZENN CORRETORA DE SEGUROS - EIRELI,26317755000108
RANYELMI,RANYELMIX CONSULTORIA E CORRETORA DE SEGUROS - EIRELI,26351177000126
PETER,PETER STRAUSZ CORRETAGEM DE SEGUROS,26364251000149
JPEF,JP&F CORRETORA DE SEGUROS - EIRELI,26369656000170
LUDERO,LUDERO ADMINISTRADORA E CORRETORA DE SEGUROS - EIRELI,26369668000102
JMBG,JMBG CONSTRUCOES E SEGURANCA DO TRABALHO LTDA.,26455144000126
WOHNRATH,WOHNRATH INTELIGENCIA EM NEGOCIOS - EIRELI,26455192000114
ELCID,EL CID CORRETORA DE SEGUROS - EIRELI,26461649000101
GP,GILVANE DO NASCIMENTO PEREIRA,26614736000143
HERZOG,HERZOG CORRETORA E ADMINISTRADORA DE SEGUROS - EIRELI,26696652000104
NAHA,NAHA CONSULTORIA E CORRETORA DE SEGUROS LTDA.,26704687000130
VISION,VISION BROKERS CORRETORA DE SEGUROS - EIRELI,26712384000169
SBENASSI,SBENASSI SERVICOS DE ENGENHARIA - EIRELI,26757523000170
CASALDER,CASAL DE REY CORRETORA DE SEGUROS - EIRELI,26769582000169
SEGUROSO,SEGURO SOB MEDIDA CORRETORA DE SEGUROS E PLANOS DE SAUDE LTDA.,26822971000100
SALUSTIA,SALUSTIANO CORRETORA DE SEGUROS LTDA.,26845605000177
MCP83,MCP83 INTELIGENCIA EM APOIO ADMINISTRATIVO - EIRELI,26845751000100
SELES,SELES CORRETORA DE SEGUROS - EIRELI,26978752000115
GABRIELA,GABRIELA NAKAMURA MATTES DESENVOLVIMENTO E PROJETOS,26984736000135
CHAMA,CHAMA DESIGN DE PRODUTOS LTDA,27009082000191
IUMY,IUMY SERVICOS ADMINISTRATIVOS LTDA.,27079168000190
VERDEX,VERDEX SERVICOS DE APOIO ADMINISTRATIVO - EIRELI,27116902000144
,R.A ASSESSORIA E CONSULTORIA EM POS-VENDAS EIRELI,27125586000177
ELETROTE,ELETROTEC MANUTENCAO DE OBRAS EIRELI,27161514000185
REMASER,REMASER SERVICOS DE APOIO ADMINISTRATIVOS - EIRELI,27170179000181
CARLOSAN,CARLOS ANDRES ALFONSO MUTSCHLER CASTILLO,27181961000104
CSL,CSL CORRETORA DE SEGUROS - EIRELI,27202565000108
,SUN CORRETORA DE SEGUROS DE VIDA LTDA,27288046000104
DISPOR,DISPOR CORRETORA DE SEGUROS - EIRELI,27348292000104
JULISA,JULISA SANTANA CORRETORA DE SEGUROS LTDA.,27364521000184
,MARILENE TESSITORE 10109889800,27382386000108
LASEGBET,LASEG BETA ADMINISTRADORA E CORRETORA DE SEGUROS LTDA.,27384656000101
MELPERRO,MELPERRONE PARTICIPACOES LTDA,27438446000159
DISC,DISC CORRETORA DE SEGUROS E ADMINISTRADORA DE BENEFICIOS LTDA.,27445877000142
BLASQUEZ,BLASQUEZ DA FONTE SOCIEDADE INDIVIDUAL DE ADVOCACIA,27457815000150
THESMART,THE SMART CORRETORA DE SEGUROS - EIRELI,27542242000163
LAIS CHAVES,LAIS CHAVES CONSULTORIA EMPRESARIAL LTDA,27569775000139
DEOLINDA,DEOLINDA APARECIDA MUNHAES DI GRADO,27605566000101
FERNANDA,FERNANDA COUTO DE SOUZA PSICOLOGIA,27699015000146
SUPPORT,SUPPORT ASSESSORIA E CONSULTORIA EM NEGOCIOS LTDA,27708946000163
DICA,DICA CORRETORA DE SEGUROS LTDA,27817571000170
MAGISEG,MAGISEG CORRETORA DE SEGUROS LTDA,27824716000160
CONFIAGI,CONFIAGIL CORRETORA DE SEGUROS - EIRELI,27853938000100
LUGA,LUGA CONSTRUCAO E CONSULTORIA EM GESTAO EMPRESARIAL EIRELI,28032337000108
YASMIN,YASMIN NUNES CORRETORA DE SEGUROS - EIRELI,28222492000189
,DYAMANTE ADMINISTRADORA E CORRETORA DE SEGUROS LTDA,28228123000101
FABIO,FABIO RODRIGO DE ABREU,28239466000163
MIRANTE,RESIDENCIAL MIRANTE DO CRUZEIRO SPE LTDA.,28318031000104
AJESEG,AJESEG CONSULTORIA E CORRETORA DE SEGUROS LTDA.,28356093000100
AUTOGLOB,AUTOGLOBAL CORRETORA DE SEGUROS LTDA.,28493670000106
CARLOSED,CARLOS EDUARDO DURAO FILHO,28511498000176
SALAMAOC,SALOMAO CUKIERKORN EMPREENDIMENTOS E PARTICIPACOES LTDA.,28538793000116
CARDOZO,CARDOZO E COSTA SERVICOS DE APOIO ADMINISTRATIVOS LTDA.,28541483000150
VORAZ,VORAZ PRODUTORA DE VIDEO LTDA.,28662448000190
,DJOHN CORRETORA DE PLANOS DE SAUDE E SEGUROS LTDA,28666571000189
SUPERTRA,SUPERTRADE CORRETORA DE SEGUROS LTDA.,28814350000100
IDEARE,IDEARE COACHING E DESENVOLVIMENTO - EIRELI,28844217000105
ROSIKATA,ROSIMEIRE MURAKAMI KATAQUI.,28905267000147
INVESTPR,INVEST PRIME FINANCE CORRETORA DE SEGUROS - EIRELI,29004890000191
LIPT,LIPT CORRETORA DE SEGUROS LTDA.,29027395000106
INFRASEG,INFRASEG CORRETORA DE SEGUROS LTDA.,29062959000133
MARCOMEN,MARCO GIMENES CONSTRUCOES E SERVICOS - EIRELI,29088570000167
FOXPITTY,FOX & PITTY ESTRATEGIC DEVELOPMENT SERVICOS DE APOIO ADMINISTRATIVOS LTDA.,29127368000105
JMORATO,J MORATO CONSULTORIA E CORRETORA DE SEGUROS - EIRELI,29165228000113
KOSARTE,KOSARTE CONSULTORIA EMPRESARIAL LTDA.,29220732000179
NEWWAY,NEW WAY CONSULTORIA & TREINAMENTOS - EIRELI,29235057000151
EVERTON,EVERTON ROCHA DA SILVA APOIO ADMINISTRATIVO,29267699000132
GWSSTHA,GWSSTHA AGN ASSESSORIA FINANCEIRA E ADMINISTRATIVA - EIRELI,29299788000160
SANTOSSI,SANTOS DA SILVA SOCIEDADE INDIVIDUAL DE ADVOCACIA,29314560000100
KAUE,KAUE CABRAL DE MATTOS SALVATTI,29393764000176
BULAADM,BULA ADMINISTRADORA E CORRETORA DE SEGUROS LTDA.,29425357000101
MARIOOCK,MARIO ELIAS DE MORAES OCKE,29475417000192
LAS,LASTRO CORRETORA DE SEGUROS EIRELI,29485517000108
,MARIA PAULA MARQUES COSTA 31221639854,29497114000170
MENDES,MENDES ALVES CORRETORA DE SEGUROS EIRELI,29738586000178
AGFE,AGFE CORRETORA DE SEGUROS LTDA.,29783063000143
GUSTAVOD,GUSTAVO DA SILVA SOUZA.,29840189000102
LETICIAM,LETICIA MACEDO CUNHA 09326438767,29868880000102
,FELIPE GENNARI 38761171867,29870739000136
ENGABRIE,ENGABRIEL ENGENHARIA E CONSTRUCOES - EIRELI,29902304000126
,RAFAEL DALLA TORRE 41291686819,29932883000150
PROTEGE E INVESTE,PROTEGE E INVESTE CORRETAGEM DE SEGUROS EIRELI,29957159000180
FELIPECE,FELIPE CESAR GOMES DO ROSARIO,30058917000108
VOSSEN,VOSSEN CORRETORA E ADMINISTRADORA DE SEGUROS - EIRELI,30070044000159
IFC,I.F.C. APART-HOTEIS E EVENTOS - EIRELI,30102506000172
LOTIC,LOTIC ENGENHARIA E CONSTRUCAO LTDA.,30104092000110
CSR,C.S.R CORRETORA DE SEGUROS LTDA.,30143888000182
COMFORT,COMFORT HOUSE IMOVEIS LTDA,30161755000139
FORMARE,FORMARE CORRETORA DE SEGUROS - EIRELI,30164976000160
ARJJ,ARJJ CORRETORA DE SEGUROS E PREVIDENCIA LTDA,30270497000129
CRIZO,CRIZO GOMES CORRETORA DE SEGUROS EIRELI,30301239000162
MULTI,MULTI PROPERTY CORRETORA DE SEGUROS EIRELI,30355091000149
ACCLAUS,A&C CLAUS SERVICOS DE APOIO ADMINISTRATIVOS EIRELI,30365402000150
YOULIVE,YOULIVE CORRETORA DE SEGUROS E BENEFICIOS EIRELI,30383705000104
JBEER,J BEER COMERCIO DE BEBIDAS LTDA.,30405748000135
SANTOS SERV. MÉDICOS,SANTOS SERVICOS MEDICOS SOCIEDADE SIMPLES,30460116000174
CHAGAS,CHAGAS E CAROLO PSICOLOGIA S/S LTDA.,30467951000136
ENCONTRE,ENCONTRE CORRETORA DE SEGUROS E PLANOS DE SAUDE LTDA.,30549250000146
0,SIQUEIRA GUIDO SERVICOS DE APOIO ADMINISTRATIVOS EIRELI,30582965000109
RESIDENC,RESIDENCIAL ARLINDO MIRAGAIA SPE LTDA.,30719941000140
LREYS,LREYS CONSULTORIA E CORRETAGEM DE SEGUROS EIRELI,30743472000103
MGB,MBG FINANCIAL CALL CENTER EIRELI,30761312000189
PLATA,PLATA PLANEJAMENTO FINANCEIRO E CONSULTORIA LTDA.,30798071000142
AJA,AJA SOLUCOES FINANCEIRAS E APOIO ADMINISTRATIVO EIRELI,30827297000124
,COMPARE ASSESSORIA E CORRETORA DE SEGUROS LTDA,30841270000196
CONSEG,CONSEG CORRETORA DE SEGUROS E IMOBILIARIA LTDA.,30957390000153
PEDROESP,PEDRO ESPINDOLA LUNARDELLI,31054538000102
BETACONS,BETA CONSULTORIA EM GESTAO FINANCEIRA E PATRIMONIAL LTDA.,31092108000185
THERMOFY,THERMOFY CONSULTORIA EM INFORMATICA LTDA.,31101153000159
BALUBE,BALUBE CONSULTORIA E CORRETORA DE SEGUROS LTDA,31106031000155
VISCARDI,VISCARDI CONSULTING CONSULTORIA EM COMUNICACAO E LINGUAGEM - EIRELI,31127765000110
SBSEMPRE,S.B.S EMPREENDIMENTOS IMOBILIARIOS SPE LTDA,31130838000123
G1P1,G1P1 CORRETAGEM DE SEGUROS EIRELI,31134336000170
LEGATE,HERDADE ASSESSORIA E CORRETORA DE SEGUROS LTDA.,31158376000152
MCG,M.C.G RODRIGUES,31245651000175
TRIVITY,TRIVITY EMPREENDIMENTOS IMOBILIARIOS SPE LTDA,31246646000187
CASA,CASA DE CARNES SOUZA AGUIAR LTDA.,31387001000164
MISEG,MISEG CONSULTORIA E CORRETAGEM DE SEGUROS - EIRELI,31466412000145
IMPERIAL BRASIL,IMPERIAL BRASIL CORRETORA DE SEGUROS E NEGOCIOS FINANCEIROS LTDA,31488040000158
SPAREPAR,SPARE PARTS COMERCIO E SERVICOS DE TECNOLOGIA LTDA,31512584000108
,WAAC SOLUCOES EM SOFTWARES LTDA,31627934000181
AMB,AMB GREEN CONSULTORIA E APOIO ADMINISTRATIVO - EIRELI,31672671000122
LTE,LTE CONSULTORIA E CORRETORA DE SEGUROS EIRELI,31694799000197
VIEIRACO,VIEIRA & COSTA CONSULTORIA E SERVICOS DE APOIO ADMINISTRATIVOS LTDA,31719238000103
MIRANTEP,RESIDENCIAL MIRANDE DO PARQUE SPE LTDA.,31900778000180
W2G,W2G CONSULTORIA E CORRETORA DE SEGUROS - EIRELI,31933350000134
VERAGARC,VERA GARCIA CORRETORA DE SEGUROS LTDA.,31956355000182
0,LAVINA COMERCIO VAREJISTA DE COSMETICOS & MOVEIS E ESTOFADOS - EIRELI,32020765000180
HRSERVIC,H R SERVICOS MEDICOS - EIRELI,32059759000136
SASS,SASS FORTIS FINANCE SERVICOS DE APOIO ADMINISTRATIVOS - EIRELI,32063324000165
ANTONION,ANTONIO DE ANDRADE LIMA NETO,32156094000189
0,MIROSEG CORRETORA DE SEGUROS - EIRELI,32222300000101
GALLANT,GALLANT CORRETORA DE SEGUROS - EIRELI,32272725000125
VIVACOM,VIVACOM CORRETORA DE SEGUROS - EIRELI,32283345000196
BUSCHINELLI CONSULTORIA E TREINAMENTOS,BUSCHINELLI CONSULTORIA E TREINAMENTOS,32288121000177
ULIANA,ULIANA CONSULTORIA E CORRETAGEM DE SEGUROS LTDA.,32291103000144
LU SOLUTIONS,LU SOLUTIONS CORRETORA DE SEGUROS - EIRELI,32448520000158
0,PROSPER MAIS PLANEJAMENTO E EDUCACAO FINANCEIRA LTDA.,32477095000125
0,FEZAN CONSTRUCOES - EIRELI,32503086000161
MCA CLINICA,MCA CLINICA MEDICA E PSICOLOGICA LTDA,32526845000101
,MARCIA RIBEIRO 26553584818,32641643000100
,USY CORRETORA DE SEGUROS LTDA,32755755000192
LANCORP,LANACORP PROMOCAO EM VENDAS - EIRELI,32890577000102
WAGNER,WAGNER FERNANDES ESPOZITO,32891299000108
ZAIDEN,ZAIDEN PROMOCAO EM VENDAS - EIRELI,32931471000100
CARLA ALMEIDA,CARLA ALMEIDA DA SILVA 33280906814,32994153000198
VIERALA,VIEIRA & LAIRANA CORRETORA DE SEGUROS LTDA.,33084266000119
FCGARC,F C GARCIA - SERVICOS ADMINISTRATIVOS,33084517000165
,VILA DAS BELEZAS EMPREENDIMENTOS IMOBILIARIOS SPE LTDA.,33121431000165
VILA DAS BELEZAS EMPREENDIMENTOS IMOBILIARIOS SPE,VILA DAS BELEZAS EMPREENDIMENTOS IMOBILIARIOS SPE,33121431000246
MAJESTIQ,MAJESTIQUE SERVICOS DE APOIO ADMINISTRATIVOS - EIRELI,33166393000167
ZAVERI,ZAVERI CONSULTORIA & SERVICOS DE APOIO ADMINISTRATIVOS LTDA.,33167094000147
BERESHIT,BERESHIT SERVICOS DE APOIO ADMINISTRATIVOS LTDA.,33190098000146
ITACOLO,ITACOLOMY SERVICOS DE APOIO ADMINISTRATIVOS LTDA.,33215785000179
SEULAR,SEU LAR INTERMEDIACAO EM NEGOCIOS IMOBILIARIOS LTDA.,33279519000100
FRANKA,FRANKA HOLD CONSULTORIA E CORRETORA DE SEGUROS LTDA,33329803000143
LMGSEG,LMGSEG ASSESSORIA E CORRETORA DE SEGUROS - EIRELI,33371368000115
RAMI,RAMI CORRETORA DE SEGUROS - EIRELI,33389505000149
PESSETO,PESSETTO SERVICOS DE APOIO ADMINISTRATIVOS LTDA.,33399408000137
TELECVI,TELECVI SUPORTE TECNICO EM TECNOLOGIA EIRELI,33486026000140
MARTA,MARTA E BEATRIZ SERVICOS DE APOIO ADMINISTRATIVOS LTDA.,33517807000155
MDRSAUDE,MRD SAUDE CORRETORA DE SEGUROS - EIRELI,33518915000142
AMORAIS,A MORAIS GRAZIA CONSULTORIA E SUPORTE TECNICO EM TECNOLOGIA - EIRELI,33520860000105
MARICY,MARICY MEIRELLES PLANEJAMENTO FINANCEIRO - EIRELI,33587344000106
PATREZEA,PATREZE ADMINISTRADORA DE BENS PROPRIOS LTDA.,33615102000170
EDITUP,EDITORA UPHOLD LTDA.,33616924000176
JCTUCCI2,JC TUCCI ASSESSORIA TECNICA EM SEGUROS LTDA,33618607000199
,BARBARA COCENZA CARVALHO 43772724892,33967392000111
,EDMILSON BATISTA DOS SANTOS 06926188807,34013073000130
BRAVO BRASIL,BRAVO BRASIL CORRETORA DE SEGUROS LTDA.,34060267000196
,LETICIA PAVONI GRASSELLI 02586884086,34118348000108
JOIN,JOIN TECHNOLOGY SUPORTE TECNICO EM TECNOLOGIA - EIRELI,34213321000196
HELOISA FERNANDA,HELOISA FERNANDA BELOTTI ARAUJO SOCIEDADE INDIVIDUAL DE ADVOCACIA,34225843000108
,EVOTEX CONSULTING SERVICOS DE APOIO ADMINISTRATIVOS - EIRELI,34230908000103
OTIAI,OTIAI CONSULTORIA & SERVICOS DE APOIO ADMINISTRATIVO EIRELI,34267873000187
VINICIUS SANTOS,VINICIUS SANTOS DANTAS 37686725812,34288519000139
,PHILIPPE CESAR SILVEIRA,34295439000100
RAFAEL ZAMBON,RAFAEL ZAMBON GARCIA,34396932000117
,COZISERVICE COMERCIO E MANUTENCAO DE EQUIPAMENTOS PARA COZINHAS LTDA,34534193000182
,NIKAELLI VILAROUCA MACIEL,34552942000102
,THE WATTERS DESENVOLVIMENTO DE SITES - EIRELI,34566358000106
VKWK,VKWK ASSESSORIA EMPRESARIAL LTDA,34566930000129
,PUTZ AUTOMODELISMO DE FENDA - EIRELI,34568898000110
CLIMB,CLIMB CORRETORA DE SEGUROS LTDA,34720999000165
,SAKURA SERVICOS DE APOIO ADMINISTRATIVO LTDA,34732616000179
,EDUARDO BARALDI,34746432000168
,"GAPEMI CONSULTORIA FINANCEIRA, PATRIMONIAL E CORRETORA DE SEGUROS LTDA",34863442000183
BARROS & MARTINS,BARROS & MARTINS CORRETORA DE SEGUROS - EIRELI,34913427000100
,CROITOR SERVICOS DE APOIO ADMINISTRATIVO LTDA,34974375000174
,MONEY3 PLANEJAMENTO FINANCEIRO LTDA,34974498000105
PISE4 STANDARDCLOUD,PISE4 STANDARDCLOUD SERVICOS E TREINAMENTOS EM TI LTDA,34975796000110
,SASPREV VIDA E PREVIDENCIA CORRETORA DE SEGUROS - EIRELI,35042329000108
,B R I 81 SERVICOS DE APOIO ADMINISTRATIVO - EIRELI,35043046000172
AHMILL,AHMILL CONSTRUCOES DE EDIFICIOS LTDA,35046983000181
,UNIVERSO ESTRELAR MATERIAIS PARA CONSTRUÇÃO LTDA,35047948000187
,GALZERANO SERVICOS DE APOIO ADMINISTRATIVO - EIRELI,35257646000133
INNOVALE,INNOVALE ADMINISTRADORA E CORRETORA DE SEGUROS LTDA,35349258000182
,WONDER CORRETORA DE SEGUROS E CONSORCIOS LTDA,35431704000101
,SAMPASEG CORRETORA DE SEGUROS LTDA,35449351000169
,BIO BRAND COMUNICACAO DIGITAL LTDA,35555470000104
,TCF CONSULTORIA E TECNOLOGIA LTDA,35556621000130
,MB E-CONS SERVICOS DE ENGENHARIA LTDA,35558213000118
,LICITASEG CORRETORA DE SEGUROS LTDA,35558307000197
,SERENITTA PLANEJAMENTO FINANCEIRO E CONSULTORIA LTDA,35611353000102
,FORTUNA UNIVERSAE SERVICOS DE APOIO ADMINISTRATIVO LTDA,35670866000194
,"TRINDADE, CONSULTORIA EMPRESARIAL, GESTAO FINANCEIRA, TREINAMENTOS NEGOCIOS LTDA",35706601000107
ERICK TENORIO PARUSSOLO,ERICK TENORIO PARUSSOLO 39366295878,35757508000113
,CONFORMITATIS SARAH M MEIRELES CONSULTORIA LTDA,35805616000114
,FINI CORRESPONDENTE BANCARIO LTDA,35812979000187
,NSC SERVICOS DE ENGENHARIA LTDA,35936047000146
CAIRES,CAIRES CORRETORA DE SEGUROS LTDA,36139694000190
JOSE DA C FILHO,JOSE DA C FILHO CORRETORA DE SEGUROS LTDA,36190744000163
SEG SCAVONE,SEG SCAVONE CORRETORA DE SEGUROS LTDA.,36235304000185
JOAO PAULO,JOAO PAULO EVANGELISTA MOREIRA VIRGINIO DE SOUSA,36269089000133
,RAISSA CAVALCANTE SERVICOS DE APOIO ADMINISTRATIVO EIRELI,36421640000112
,ICT SERVICOS DE APOIO ADMINISTRATIVO LTDA,36432947000119
,GIACOMINI SOCIEDADE INDIVIDUAL DE ADVOCACIA,36454003000142
,THIAGO HAGUI PLANEJAMENTO FINANCEIRO LTDA,36475974000179
RPF,RFP PROMOCAO DE VENDAS LTDA,36500891000192
,PLANO IDEAL CORRETORA DE SEGUROS LTDA,36506291000131
MATHEUS PEREZ,MATHEUS PEREZ TRINDADE 43104041890,36580948000100
BUSINESSFULNESS,BUSINESSFULNESS NOVO MARKETING LTDA,36648179000135
DOMINEEXCEL,DOMINEEXCEL TREINAMENTO DE INFORMATICA,36658547000126
,TKUSSIMA INTERMEDIACOES DE MIDIAS LTDA,36674432000125
AQUARELA,AQUARELA COACHING & DESENVOLVIMENTO LTDA,36697940000129
,BEATRIZ CINTHIA SERVICOS DE APOIO ADMINISTRATIVO EIRELI,36770019000164
,ACCESS SERVICO DE ENFERMAGEM E FISIOTERAPIA LTDA,36788069000179
,PRORISK ADM E CORRETORA DE SEGUROS LTDA,36933222000104
,NOVA SILCON CORRETORA DE SEGUROS LTDA,36983267000193
,RUMO NORTE TECNOLOGIA LTDA,37033471000106
,DOMO PRIME CONSULTORIA E CORRETORA DE SEGUROS LTDA,37054477000160
,ZAYED CORRETORA DE SEGUROS LTDA,37062766000100
,ROCHA & ROCHA BRASIL CORRETORA DE SEGUROS E GESTÃO FINANCEIRA LTDA,37108318000109
WF CORRETORA,WF CORRETORA DE SEGUROS LTDA,37110143000166
ED&FERRARI,ED&FERRARI CORRETORA DE SEGUROS LTDA,37128628000187
,CHIARELLA SERVICOS E DOCUMENTACOES LTDA,37140474000149
MIRIAN,MIRIAN ASSIS PLANEJAMENTO FINANCEIRO PESSOAL LTDA,37143887000187
MILLARD & VALENTE,MILLARD & VALENTE CORRETORA DE SEGUROS LTDA,37145370000127
,EMX ADMINISTRADORA E CORRETORA DE SEGUROS LTDA,37146252000133
,KENDRA CORRETORA DE SEGUROS LTDA,37155752000131
,DMX FINANCIAL CALL CENTER LTDA,37170387000134
,EMUNAH ADMINISTRADORA E CORRETORA DE SEGUROS LTDA,37175600000109
,R.S. ADMINISTRADORA E CORRETORA DE SEGUROS LTDA,37232207000100
,HORSELL CORRETORA DE SEGUROS LTDA,37241099000123
,SMG COMERCIO E CONFECCAO DE EPI LTDA,37251377000123
,AELCORR ADMINISTRADORA E CORRETORA DE SEGUROS LTDA,37258637000192
,RAUL MICCHI DE PAULA 38141738801,37354717000141
NIPOSEG,NIPOSEG CORRETORA DE SEGUROS LTDA,37425390000151
,MEU PLANO SEGURO LTDA,37449259000124
,CENTRO DE ESTETICA E BELEZA BELA MODELO LTDA,37555100000194
,SERVE CORRETORA DE SEGUROS LTDA,37556573000106
UANDERSON,UANDERSON LEAL SOCIEDADE INDIVIDUAL DE ADVOCACIA,37576242000138
,GOI CORRETORA DE SEGUROS LTDA,37670321000103
TRIPLE,TRIPLE SEVEN MARKETING DIGITAL LTDA,37682144000185
,PROFISSIONAL DE SEGUROS TREINAMENTOS E CONTEUDOS LTDA,37686363000132
,CDL SANTOS SERVICOS DE APOIO ADMINISTRATIVO LTDA,37750084000190
,R MASCARENHAS CONSULTORIA & SERVIÇOS DE APOIO ADMINISTRATIVO LTDA,37759274000179
,BIANCHINI SERVICOS DE APOIO ADMINISTRATIVO - EIRELI,37794918000160
,SOS EDUCACAO FINANCEIRA E PLANEJAMENTO PESSOAL LTDA,37920560000174
,FFBC REPRESENTACOES COMERCIAIS LTDA,37920607000108
KALIFACOR,KALIFACOR CORRETORA DE SEGUROS LTDA,37928366000135
CARROZZI,CARROZZI CORRETORA DE SEGUROS LTDA.,37976246000103
PINFILDI,PINFILDI SERVICOS DE APOIO ADMINISTRATIVO LTDA,37977490000190
,EZEPLAN CONSTRUCOES LTDA,38035407000127
,FELIPE INOUE DICK 21336061812,38055533000143
NATIV,NATIV PSICOLOGIA LTDA.,38089877000173
,PTG TECNOLOGIA E INOVACAO LTDA,38121153000160
SASQUAT,SASQUAT SOFTWARES TECNICO EM TECNOLOGIA LTDA.,38142371000180
DC PARTS,DC PARTS COMERCIO E SERVICOS DE TECNOLOGIA LTDA,38314497000195
THIAGO CHOPPAN,THIAGO BARBOSA SCHOPPAN 35107031897,38317963000196
NEW DREAMS,NEW DREAMS CONSULTORIA FINANCEIRA E EDUCACIONAL LTDA,38493736000111
CLSP DISTRIBUIDORA,CLSP DISTRIBUIDORA DE EQUIPAMENTOS MEDICOS E ODONTOLOGICOS EIRELI,39227057000163
BRUNO DURAES,BRUNO DURAES PLANEJAMENTO E CONSULTORIA LTDA,39306848000189
AGUIA RL,AGUIA RL CORRETORA DE SEGUROS LTDA,39325200000150
OFEL,OFEL CONSULTORIA E CORRETORA DE SEGUROS LTDA,39356494000187
VIOLLA,VIOLLA CORRETORA DE SEGUROS LTDA,39363475000188
ENFOQUE,ENFOQUE MAIS CORRETORA DE SEGUROS LTDA,39489351000143
FLAVIA ELVIRA,FLAVIA ELVIRA DA CUNHA APOIO ADMINISTRATIVO,39694862000105
AFFITTO,AFFITTO ADMINISTRADORA DE CONDOMÍNIO E CORRETORA DE SEGUROS LTDA.,39824569000107
GARONE,GARONE CORRETORA DE SEGUROS LTDA,39850166000132
FABIANO MARCUS,FABIANO MARCUS TOLEDO COSTA,39856256000130
SECO,SECO ALVES SILVA SERVIÇOS DE APOIO ADMINISTRATIVO LTDA,39877280000156
REACH,REACH UP TRÁFEGO E PROMOÇÃO EM VENDAS LTDA,39877631000129
FERNANDO ALMEIDA DE JESUS 29066159863,FERNANDO ALMEIDA DE JESUS 29066159863,39897492000103
VITAS,VITAS CORRETORA DE SEGUROS LTDA,39901009000109
SPS CONSULTORIA,SPS CONSULTORIA E CORRETORA DE SEGUROS LTDA.,39919001000170
LASER LITORAL,LASER LITORAL EQUIPAMENTOS MÉDICOS LTDA,39923070000157
B2S,B2S GESTÃO DE NEGÓCIOS LTDA,39976629000107
MONTE REAL,MONTE REAL CORRETORA DE SEGUROS LTDA,39990008000188
VCAVALCANTI,VCAVALCANTI CORRETORA DE SEGUROS LTDA,40015738000147
PSPOTENZA,PSPOTENZA CORRETORA DE SEGUROS LTDA,40032004000176
TGPLUS,TGPLUS CORRETORA DE SEGUROS LTDA,40046929000176
MANOELA,MANOELA DE MELO MARTINS,40064819000137
NEW PASSION,NEW PASSION CORRETORA DE SEGUROS E BENEFICIOS LTDA.,40103691000173
EVAN JOUBERT,EVAN JOUBERT RUSH 23794894839,40108564000167
PLUGIN,PLUGIN INTELIGÊNCIA CONSULTORIA E CORRETORA DE SEGUROS LTDA.,40176697000170
NOBRE NEGÓCIOS IMOBILIÁRIO,NOBRE NEGÓCIOS IMOBILIÁRIOS E CORRETORA DE SEGUROS LTDA.,40218081000115
FRIGATTO,FRIGATTO COR CORRETORA DE SEGUROS E PLANEJAMENTO FINANCEIRO LTDA.,40256207000146
DRIELLE,DRIELLE CORRETORA DE SEGUROS LTDA,40289907000137
SORELLE,SORELLE CAMPOS CORRETORA DE SEGUROS LTDA,40336052000158
RIVIERA,RIVIERA CONSULTORIA E CORRETORA DE SEGUROS LTDA.,40343228000107
W WOLTRA,W WOLTRA CONSULTORIA E CORRETAGEM DE SEGUROS LTDA.,40348643000145
SEARA DIVINA,SEARA DIVINA CORRETORA DE SEGUROS LTDA.,40355529000142
LKBSS,LKBSS TECNOLOGIA LTDA.,40356134000164
SM PLANEJAMENTO,SM PLANEJAMENTO FINANCEIRO LTDA,40557783000123
M.M.R CORRETORA,M.M.R CORRETORA DE SEGUROS LTDA,40560275000102
CRISTALINA BARICHELLO,CORRETORA DE SEGUROS CRISTALINA BARICHELLO - EIRELI,40603418000108
SILVIA CAMARGHO,SILVIA CAMARGHO COMUNICACAO LTDA.,40606826000113
DPLS,DPLS CORRETORA DE SEGUROS LTDA.,40685890000137
LAVIC,LAVIC CONSULTORIA & BENEFÍCIOS LTDA.,40695043000153
GOMESSEGUROS,GOMESSEGUROS CORRETORA DE SEGUROS LTDA,40809959000197
DARIANO,DARIANO CORRETORA DE SEGUROS LTDA.,40861393000142
HGSEG,HGSEG CORRETORA DE SEGUROS LTDA,40864064000155
FAMOSA,FAMOSA CORRETORA DE SEGUROS LTDA,40936938000132
RC6 SERVIÇOS,RC6 SERVIÇOS EM INFORMÁTICAS LTDA.,40958792000126
MONTE ALTO INVESTIMENTOS - AGENTE AUTONOMO DE INVESTIMENTOS S/S LTDA,MONTE ALTO INVESTIMENTOS - AGENTE AUTONOMO DE INVESTIMENTOS S/S LTDA,40961777000137
DRA AMANDA,DRA AMANDA FABIANO ODONTOLOGIA LTDA.,41009883000188
DOUX CLÍNICA,DOUX CLÍNICA ODONTOLÓGICA LTDA,41010608000184
ADO CORRETORA,ADO CORRETORA DE SEGUROS LTDA.,41057616000186
RSF,RSF CONSULTORIA TECNICA EM TECNOLOGIA LTDA,41075542000100
ACELERAÇÃO DIGITAL,ACELERAÇÃO DIGITAL LTDA.,41147994000150
CREDTRUCK,CREDTRUCK CORRETORA DE SEGUROS LTDA.,41149615000161
GLÓRIA MARINHO,GLÓRIA MARINHO CORRETORA DE SEGUROS LTDA.,41164503000180
DIGITAL6,DIGITAL6 SERVIÇOS EM INFORMÁTICA LTDA.,41265060000113
ESTAR MAIS,ESTAR MAIS CORRETORA DE SEGUROS LTDA,41391698000109
PRISCILA BALTAZAR,PRISCILA BALTAZAR PONTES 43914664819,41398487000190
CDL SANTOS COMÉRCIO,CDL SANTOS COMÉRCIO DE EQUIPAMENTOS ELETROELETRÔNICOS EIRELI,41524362000169
ESTANS,ESTANS DESENVOLVIMENTO E PLANEJAMENTO HUMANO LTDA,41586745000161
M4,M4 CORRETORA DE SEGUROS LTDA.,41591981000176
LILAS,LILAS CORRETORA DE SEGUROS LTDA.,41600475000104
UP SEGG,UP SEGG CORRETORA DE SEGUROS LTDA.,41607139000185
MSGSEG,MSGSEG CORRETORA DE SEGUROS LTDA,41647851000108
LARA YACOUB,LARA YACOUB BACH 03782515030,41710207000137
MERIN,MERIN CORRETORA DE SEGUROS LTDA,41799204000111
EDGAR ROSA,EDGAR ROSA VIEIRA FILHO 09174740660,41896933000196
ZAIDEN HOUSES,ZAIDEN HOUSES BROKERS NEGÓCIOS IMOBILIÁRIOS LTDA,42033750000100
PLENA MAIS,PLENA MAIS CORRETORA DE SEGUROS LTDA,42037897000178
LFB,LFB ADMINISTRADORA E CORRETORA DE SEGUROS LTDA.,42057243000106
OLIVEIRA & SILVA,OLIVEIRA & SILVA CORRETORA DE SEGUROS LTDA,42082592000188
BERKÉLIO,BERKÉLIO SERVIÇOS DE APOIO DOCUMENTAL LTDA.,42165668000139
ISAGIO,ISAGIO CORRETORA DE SEGUROS LTDA,42177327000183
M&C SOLUCOES,M&C SOLUCOES DOCUMENTAIS E CORRESPONDENTE BANCARIO LTDA.,42194974000101
GALLO,GALLO & GOMES CORRETORA DE SEGUROS LTDA,42305283000120
KODIGILO,KODIGILO TECNOLOGIA DE INFORMATICA LTDA.,42347759000195
JADE,JADE CORRETORA DE SEGUROS LTDA,42425768000157
FASCINA,FASCINA SERVICOS DE APOIO DOCUMENTAL EIRELI,42563563000138
BERMAN,BERMAN FINANCAS LTDA,42610520000166
CONAFER,CONAFER CONSULTORIA E CORRETORA DE SEGUROS LTDA,42629216000160
FREDERICO DINIS,FREDERICO DINIS PLANEJAMENTO FINANCEIRO LTDA.,42768902000112
MAFERSEG,MAFERSEG CORRETORA DE SEGUROS LTDA,42801827000144
RESIDÊNCIAL MIRANTE DA PRAÇA 2 SPE LTDA.,RESIDÊNCIAL MIRANTE DA PRAÇA 2 SPE LTDA.,42812928000110
MATCH FRAME,MATCH FRAME MEDIA FILMES E VÍDEO LTDA,42908895000107
DIASALBU,DIAS & ALBUQUERQUE CORRETORES DE SEGUROS LTDA,48752323000168
MERIDI,MERIDIONAL CORRETORA E ADMINISTRADORA DE SEGUROS LTDA,49327331000120
ITACOLOM,ITACOLOMY CORRETORA DE SEGUROS LTDA,53584181000107
BONVOYAG,BON VOYAGE VIAGENS E TURISMO LTDA,55880785000126
DANTAS,DANTAS DE ALCANTARA CORRETORA DE SEGUROS LTDA,56269020000117
ESITIMA,ESTIMA ADMINISTRADORA E CORRETORA DE SEGUROS LTDA,57811671000150
SAOBERN,SAO BERNARDO ADMINISTRACAO E CORRETAGEM DE SEGUROS LTDA,58159187000150
,HOXTER CORRETORA DE SEGUROS LTDA,58780701000170
JCS,JCS INFORMATICA LTDA,59484063000103
ELITE,ELITE CORRETORA DE SEGUROS LTDA,60900859000189
VARNUM,VARNUM CORRETORA DE SEGUROS LTDA,61456174000158
GLOBO,GLOBO CORRETORA DE SEGUROS LTDA,62596218000108
ANGULO,ANGULO CORRETORA DE SEGUROS LTDA,64161201000153
ARTSEG,ARTSEG CORRETORA DE SEGUROS LTDA,64955297000121
MDF,REPRESENTACOES M.D.F. LTDA,65010449000186
LINESEG,LINESEG CORRETORA DE SEGUROS LTDA,65028599000117
DATO,DATO CORRETORA DE SEGUROS LTDA.,65505786000144
,MCMILLAN DO BRASIL CORRETORA DE SEGUROS S/C LTDA,67186783000110
RHRCORR,RHR CORRETORA DE SEGUROS LTDA.,67639591000112
METROPOL,METROPOLIS CORRETORA DE SEGUROS LTDA,67787861000132
LANDÃO,LANDAO COMERCIO DE FERRAGENS LTDA,67937870000162
TEMPRA,TEMPRA ADMINISTRACAO E CORRETAGEM DE SEGUROS LTDA.,67971440000167
,CONECT CORRETORA DE SEGUROS LTDA,68188176000152
,MEGA ADMINISTRADORA E CORRETAGEM DE SEGUROS LTDA,72784531000123
BRAGA,BRAGA PIRES CORRETORA DE SEGUROS LTDA,73639189000130
NOMI,NOMI CORRETORA DE SEGUROS LTDA,73700338000120
ROSSATO,ROSSATTO CORRETORA DE SEGUROS LTDA,73963829000163